Age,1951,1952,1953,1954,1955,1956,1957,1958,1959,1960,1961,1962,1963,1964,1965,1966,1967,1968,1969,1970,1971,1972,1973,1974,1975,1976,1977,1978,1979,1980,1981,1982,1983,1984,1985,1986,1987,1988,1989,1990,1991,1992,1993,1994,1995,1996,1997,1998,1999,2000,2001,2002,2003,2004,2005,2006,2007,2008,2009,2010,2011,2012,2013,2014
0,0.033894451,0.03200461,0.030568239,0.029279115,0.028948158,0.027708803,0.027125323,0.026258042,0.025530652,0.026027556,0.025403948,0.025881694,0.024943561,0.02378961,0.022379499,0.022331461,0.020807545,0.021612531,0.020797905,0.021185059,0.020096599,0.019160241,0.018857339,0.018812063,0.017451654,0.016272915,0.015996508,0.015409958,0.014827276,0.01344482,0.012638956,0.012337675,0.011407185,0.010734848,0.010418903,0.010926378,0.010375567,0.010185049,0.009545983,0.008885412,0.00829532,0.00734391,0.007060306,0.006837407,0.006833654,0.006874904,0.006454262,0.006286521,0.006443429,0.006112419,0.005969961,0.005992966,0.005768649,0.005558038,0.005724532,0.005450007,0.005358156,0.005227047,0.005113732,0.004644515,0.004942595,0.004579901,0.004336193,0.004129316
1,0.002678972,0.002466947,0.002362186,0.002119202,0.002080716,0.001944309,0.001963096,0.001845498,0.001896493,0.001855708,0.001755671,0.001558359,0.001636236,0.001401384,0.001350482,0.001451562,0.001327485,0.001321394,0.001371248,0.0012621,0.001180125,0.001213658,0.001209116,0.001218841,0.001070028,0.001074661,0.000907307,0.001021867,0.000791677,0.000881258,0.000829997,0.000904012,0.000733946,0.000853075,0.000766252,0.000673074,0.000689131,0.000726019,0.000694773,0.000694467,0.000675567,0.000543578,0.000559002,0.000533496,0.000460056,0.000512241,0.000515299,0.000509358,0.000519711,0.000435111,0.000410818,0.000470314,0.00039006,0.000428227,0.000396041,0.000397492,0.000407351,0.00036922,0.000316462,0.000321539,0.000353981,0.000324336,0.000322694,0.000346393
2,0.001603247,0.001439179,0.001373222,0.001201212,0.00112789,0.001091087,0.00115867,0.001072637,0.001118988,0.001059574,0.001104592,0.00094609,0.000936668,0.000847672,0.000836762,0.00094805,0.000873181,0.000900527,0.000932424,0.000844567,0.00079828,0.000796383,0.000799519,0.000722524,0.000675463,0.000649483,0.000654009,0.000562089,0.00056935,0.000574479,0.000537477,0.000475556,0.000462393,0.000451886,0.000508871,0.000430782,0.000451687,0.000439051,0.00047027,0.000442503,0.000386639,0.000341835,0.000394316,0.000313641,0.000296389,0.000312307,0.000307086,0.000323525,0.000316234,0.000279647,0.000254467,0.000277704,0.000254464,0.000231124,0.000256938,0.000235833,0.000282369,0.000184732,0.000187147,0.000191689,0.000202032,0.000182153,0.000178028,0.000170786
3,0.001134508,0.001012238,0.000973396,0.000822398,0.000829307,0.000768186,0.000835339,0.000792573,0.000818991,0.000760931,0.000713651,0.000683289,0.000724312,0.000620519,0.000740482,0.000720903,0.000686304,0.000766158,0.000639649,0.000649759,0.000591378,0.000664218,0.000664219,0.000657084,0.000595344,0.000538744,0.000486045,0.000507555,0.000432268,0.000394965,0.000406452,0.000397493,0.000368798,0.000418894,0.000401879,0.000379077,0.000315608,0.000356167,0.000364948,0.000324998,0.000332867,0.000266988,0.0002734,0.0002195,0.000250859,0.000218952,0.000211081,0.000224284,0.000226064,0.000185102,0.000170163,0.00016161,0.000219198,0.000203624,0.000192664,0.000151364,0.000193803,0.000162768,0.000110599,0.000155986,0.0001143,0.0001042,0.000110155,0.000133799
4,0.000918306,0.000834267,0.000814557,0.000682746,0.000698598,0.000658887,0.000669641,0.000658513,0.000660085,0.000674577,0.000632657,0.000599773,0.000675458,0.000586187,0.000603238,0.000638861,0.000548065,0.000584156,0.000615087,0.000533632,0.000525773,0.000504283,0.000548021,0.00045291,0.000459965,0.000440288,0.000468637,0.000408734,0.000407688,0.000430515,0.000392356,0.000312587,0.000331696,0.000250286,0.000307346,0.000274822,0.000288768,0.000261212,0.000268899,0.000260465,0.000218908,0.000254948,0.000231454,0.000214987,0.000154483,0.000218038,0.000200957,0.000185219,0.000178723,0.000169366,0.000166446,0.000183031,0.000163355,0.000130102,0.000115827,0.000128279,0.000145333,0.00012462,9.22E-05,0.000102338,0.000101982,0.000113775,0.000108569,7.30E-05
5,0.00089239,0.000785976,0.00077166,0.00064182,0.000648604,0.0006055,0.000653449,0.000645063,0.000641645,0.00066316,0.000551221,0.00052277,0.000546178,0.000562469,0.000572619,0.000557016,0.000528374,0.000536413,0.000538991,0.000444014,0.000517848,0.000466284,0.000503771,0.000461979,0.000438649,0.000425678,0.000392628,0.000390114,0.00036094,0.000361095,0.000308809,0.000269278,0.000298096,0.000261843,0.000255045,0.000255232,0.000250112,0.00023977,0.000269114,0.000234461,0.000234124,0.000219002,0.000174119,0.000137211,0.000176842,0.000164118,0.0001654,0.000159653,0.000143428,0.000128086,0.00013169,0.000128141,0.000141263,9.91E-05,0.000112776,0.000124148,0.000116267,0.00014238,0.000113459,0.000102979,0.000115079,0.000111681,8.86E-05,9.56E-05
6,0.000805896,0.000719746,0.000700691,0.000601163,0.000606763,0.000544767,0.000619244,0.000575539,0.0005686,0.000611867,0.000537571,0.000502361,0.000535356,0.000455784,0.000524918,0.000457508,0.00045992,0.000485741,0.000423932,0.000492827,0.000448199,0.00048987,0.000463352,0.000405053,0.000359239,0.000382672,0.000382429,0.000358149,0.000358115,0.000303792,0.000325327,0.00026274,0.0002938,0.000259198,0.000200104,0.000203479,0.000236175,0.000228301,0.000212154,0.000244258,0.000202467,0.000184779,0.000170045,0.000168988,0.000172553,0.000131048,0.000149081,0.000145326,0.000136357,0.000172464,0.000136249,0.000114888,0.000140726,0.000113523,0.000142742,0.000101152,0.00011207,0.000121801,0.000105216,0.000107899,9.75E-05,9.38E-05,7.33E-05,0.000112681
7,0.000679559,0.000580865,0.000581613,0.000472271,0.000503411,0.000476877,0.000497626,0.000504689,0.000499889,0.000537443,0.000490569,0.00048098,0.000507462,0.00044849,0.000470769,0.000376009,0.000418407,0.000425569,0.000452836,0.000434667,0.000426975,0.000425798,0.000377194,0.000371414,0.000363312,0.000340473,0.000295128,0.000312084,0.000323123,0.000321636,0.000261236,0.000241755,0.000274661,0.000239138,0.000276452,0.000249593,0.000171156,0.000244133,0.000260646,0.00016034,0.000208606,0.000194468,0.00015099,0.000162171,0.000141112,0.000101354,0.000125905,0.000176276,0.000135268,0.000126183,0.0001337,0.000114327,0.00010358,0.000100369,8.62E-05,9.30E-05,9.50E-05,0.000108722,7.52E-05,7.39E-05,8.30E-05,7.28E-05,0.000111556,8.55E-05
8,0.000627834,0.000535178,0.000530872,0.000464753,0.000464538,0.000441251,0.000476551,0.000477053,0.000465185,0.000499803,0.00041393,0.000375611,0.000464939,0.000402761,0.000439001,0.000451769,0.000441673,0.000346031,0.000362858,0.000316928,0.000403518,0.000383775,0.0003518,0.000293624,0.000318441,0.000293115,0.000310594,0.000281653,0.000338646,0.000290452,0.000249223,0.000267192,0.000239166,0.000245268,0.000202346,0.000198682,0.000205008,0.000256686,0.000192863,0.000195262,0.000203467,0.000157047,0.000173241,0.000189902,0.000161973,0.000118311,0.000177294,0.000135786,0.000121422,0.000117833,0.000113441,9.65E-05,0.000103197,0.000124104,8.95E-05,0.000123496,0.000125122,0.000119604,0.000105328,0.000109612,9.65E-05,0.00010747,7.52E-05,6.71E-05
9,0.000590511,0.000530636,0.000479605,0.000433365,0.000451784,0.000414524,0.000461186,0.000436876,0.000411413,0.000456129,0.000458406,0.000386494,0.00043896,0.000410921,0.000420131,0.000408351,0.000387261,0.000441269,0.000334509,0.000353298,0.000398621,0.000350818,0.000336296,0.000276807,0.000306169,0.000296236,0.000280613,0.000330451,0.000317514,0.000259502,0.000234359,0.000232168,0.000251228,0.000222101,0.000192334,0.000168684,0.000174778,0.000204919,0.000184405,0.000176661,0.000205734,0.000157538,0.000173214,0.000151995,0.000171593,0.000161766,0.000138436,0.000131602,0.000122993,0.000131233,8.78E-05,0.000136249,0.000116807,0.00011327,9.47E-05,0.00014169,0.000109511,0.000102878,8.02E-05,0.000113373,0.000106481,8.77E-05,7.69E-05,0.000104253
10,0.000555722,0.000497487,0.000468135,0.000429232,0.000432598,0.000413213,0.000442021,0.000407278,0.000402222,0.000402424,0.000339023,0.000364719,0.00043218,0.000346688,0.000390026,0.000347941,0.000448782,0.000333125,0.000356361,0.000382744,0.00037685,0.000314675,0.000268537,0.000299253,0.00032108,0.000287063,0.000252778,0.000319717,0.000252315,0.000230315,0.000242517,0.000230265,0.000209653,0.00025388,0.000235687,0.000194881,0.000162547,0.000213284,0.000207536,0.000189452,0.00018176,0.000170815,0.000171356,0.000126976,0.000196067,0.000124643,0.000169347,0.000143367,0.000131379,0.000137867,0.000153352,0.00010012,9.22E-05,0.000118871,0.000115286,0.000120445,7.05E-05,0.000117045,7.80E-05,8.80E-05,8.75E-05,9.45E-05,7.89E-05,0.00010928
11,0.000567147,0.000490812,0.000499987,0.000416362,0.000464642,0.000395693,0.000431516,0.000410834,0.000400002,0.00039841,0.000376068,0.000400324,0.000336969,0.000363795,0.000362132,0.00039216,0.000336986,0.000382237,0.00032572,0.000335379,0.000331227,0.000350958,0.000354716,0.000314316,0.000302997,0.000264048,0.000259474,0.000296852,0.00028286,0.000272987,0.000261769,0.000266101,0.000268704,0.00025264,0.000299151,0.000212661,0.000203309,0.0002286,0.000209945,0.000209965,0.000178452,0.000173769,0.000197961,0.000179398,0.000148276,0.000169444,0.000158237,0.000171645,0.000143067,0.000118638,0.000137605,0.000160406,0.000124813,9.70E-05,0.000138745,0.000138412,0.000119744,9.09E-05,0.00010312,9.63E-05,8.21E-05,0.00011514,6.56E-05,0.000100876
12,0.000554084,0.000503045,0.000464453,0.000441009,0.000459398,0.000417679,0.000475587,0.000396435,0.000384482,0.000393213,0.00040025,0.000385584,0.000379632,0.000403667,0.000415597,0.000410483,0.000380563,0.000383099,0.000357015,0.000353593,0.000316065,0.000322179,0.00031575,0.000311604,0.000347254,0.000311002,0.000253414,0.000260958,0.000248878,0.000252023,0.000268596,0.000251511,0.000276121,0.000271315,0.000244781,0.000201833,0.000229334,0.000220638,0.000225356,0.000186062,0.000182057,0.000223911,0.000205935,0.000241397,0.000198359,0.000193672,0.000195195,0.000160655,0.000179019,0.000160532,0.000191579,0.000117572,0.000155149,0.000152248,0.000168031,0.000117839,0.000135166,9.85E-05,0.000100732,0.000110434,0.000106443,0.000111759,0.000109064,0.000104999
13,0.000601109,0.000544006,0.000480531,0.000461534,0.000484449,0.000443369,0.000486391,0.000420863,0.000448873,0.000430307,0.000396989,0.000479493,0.000406153,0.000420966,0.000475754,0.00043787,0.000448792,0.000366705,0.000441033,0.000358642,0.000419424,0.000367061,0.000344286,0.000374291,0.000375559,0.000344753,0.000326814,0.000289188,0.000291492,0.000270705,0.000320765,0.000293633,0.000288387,0.000254177,0.000304437,0.000246945,0.000338781,0.000332657,0.000220458,0.000269963,0.000277065,0.000218031,0.000240002,0.000211222,0.000219674,0.000219985,0.000198738,0.000207666,0.00016818,0.000160897,0.000202946,0.000209698,0.000187468,0.000140404,0.000177033,0.000193284,0.000163167,0.000116537,0.000136437,9.76E-05,8.63E-05,0.000100684,0.00013574,0.000108467
14,0.000658567,0.00060115,0.000575796,0.000546059,0.000577716,0.000502118,0.00055236,0.000497427,0.000527157,0.000512247,0.000449186,0.000498891,0.000459683,0.000492082,0.000449683,0.00050434,0.00051833,0.000527001,0.000459898,0.000390306,0.000479761,0.000449872,0.000457097,0.000359787,0.000419792,0.000392093,0.000356671,0.000346577,0.000405366,0.000382984,0.000354032,0.000369277,0.000358114,0.000361292,0.000370346,0.000304136,0.000347561,0.000314505,0.000282233,0.000306778,0.000326324,0.000253694,0.00027611,0.000298539,0.000256548,0.000279113,0.000244367,0.000254682,0.00023052,0.000196512,0.000242112,0.000231616,0.000212429,0.000200228,0.000189461,0.0001945,0.000205375,0.000142177,0.000144169,0.000127861,0.000127635,0.000130165,0.000129267,0.000132236
15,0.00072285,0.000707345,0.000671115,0.000619709,0.000655585,0.000614939,0.000634037,0.000584668,0.000584797,0.000597179,0.000539897,0.000559359,0.000524428,0.000537765,0.000575751,0.000574853,0.000569405,0.000577218,0.00049793,0.000530145,0.000518964,0.000501977,0.000532424,0.000484749,0.00041142,0.000371745,0.000447308,0.000431158,0.000428379,0.000390159,0.000424003,0.000436525,0.000451773,0.00043297,0.000390743,0.000434217,0.000398978,0.000374948,0.00041863,0.000426061,0.000464393,0.000344547,0.000365921,0.00033413,0.000319793,0.000349836,0.000303128,0.000292862,0.000264944,0.000253972,0.000259761,0.000289184,0.000249455,0.000290836,0.000234724,0.000251985,0.000280287,0.000211721,0.000256624,0.000173473,0.000172262,0.000132199,0.000163313,0.000146827
16,0.000819754,0.000788211,0.000773315,0.000743116,0.000755623,0.000678865,0.000793654,0.000732392,0.000786113,0.000750838,0.000782791,0.000748028,0.000758493,0.000870735,0.000865235,0.001052687,0.000868297,0.000867861,0.000821019,0.000864442,0.000880955,0.000710596,0.000654417,0.000614203,0.000644678,0.000694582,0.000575506,0.00066453,0.000578869,0.000531362,0.000531533,0.000552997,0.000594586,0.000535782,0.000526817,0.000530241,0.000518185,0.000523957,0.000544318,0.000600172,0.00056985,0.000433847,0.00041711,0.000443227,0.00037316,0.000413184,0.000496369,0.000487039,0.000433334,0.000428063,0.000346867,0.000398655,0.000387107,0.0003303,0.00035077,0.000354701,0.000344916,0.000365053,0.00028721,0.000228979,0.000237337,0.000204328,0.000222798,0.000218934
17,0.000883103,0.000868599,0.000795067,0.000780504,0.000851159,0.000835695,0.000923142,0.000887753,0.000938134,0.000896465,0.001056762,0.001004235,0.000925302,0.001056486,0.00114447,0.00113195,0.001036647,0.001023346,0.001061283,0.001020877,0.001008712,0.001033746,0.001039382,0.001082882,0.001100603,0.001175172,0.001101918,0.001119356,0.001032259,0.001093507,0.001046187,0.000976927,0.000827748,0.000794041,0.000800707,0.000814571,0.000798105,0.00085066,0.000847243,0.000876044,0.000745717,0.000679764,0.000670432,0.000686327,0.0007087,0.000684318,0.00063578,0.000572579,0.000622924,0.000581994,0.000599704,0.000582307,0.000528587,0.000529035,0.000604766,0.000580991,0.000493997,0.000526226,0.000497781,0.000387947,0.000351426,0.000339042,0.000291112,0.00029368
18,0.001039065,0.001045383,0.000958548,0.0009438,0.000974129,0.000959918,0.001081186,0.000997689,0.001090286,0.001046289,0.001068798,0.00115304,0.001121386,0.00117294,0.001155665,0.001195003,0.001131393,0.001015711,0.001158207,0.001046441,0.001017282,0.001095534,0.001235583,0.001201941,0.001192426,0.001184893,0.001059476,0.001230014,0.00119469,0.001163758,0.001068871,0.001056678,0.000942501,0.000870561,0.000878896,0.000977663,0.000911919,0.000885311,0.000920881,0.000918062,0.000956308,0.000814293,0.000823539,0.000739536,0.000905518,0.000840196,0.000856764,0.000873633,0.000721182,0.000804879,0.000854027,0.000803728,0.000743667,0.000684123,0.000681513,0.000617783,0.000633688,0.000591792,0.000565988,0.000538699,0.000405856,0.000509839,0.000396682,0.000421693
19,0.001258415,0.001181744,0.001127433,0.001056873,0.001118196,0.00107521,0.001164347,0.001095762,0.001186649,0.001150936,0.001109835,0.001141565,0.001176322,0.001239929,0.001137302,0.001231191,0.001131248,0.000979355,0.001043328,0.000999541,0.001148326,0.001132972,0.001075701,0.001292972,0.001138256,0.001197628,0.001127051,0.001147247,0.001174337,0.001075831,0.001082604,0.000998833,0.000951959,0.000952303,0.000861888,0.000910344,0.000978438,0.000866873,0.000921776,0.000851254,0.000918722,0.000838148,0.000823776,0.000798455,0.000900501,0.000849743,0.00089768,0.000921788,0.000922345,0.000841331,0.000916978,0.000729142,0.000689921,0.00064245,0.000714548,0.000710401,0.000654887,0.000640661,0.000638767,0.000465789,0.000492152,0.000459112,0.000509522,0.000459005
20,0.001294262,0.001332658,0.001191967,0.00115616,0.001243222,0.001097402,0.001201824,0.001152852,0.001201157,0.001245387,0.001238157,0.001137593,0.001190517,0.001141794,0.001108199,0.001111363,0.001064327,0.000979752,0.000923046,0.001173241,0.001051552,0.000997274,0.001181988,0.001127704,0.001157959,0.001133565,0.001029775,0.001085039,0.001037549,0.001011499,0.000991051,0.001001534,0.000997491,0.000943778,0.000957824,0.000892808,0.000923629,0.001006216,0.000929844,0.000990412,0.000886124,0.000802941,0.000911141,0.000904666,0.000920278,0.000830296,0.000968464,0.000864022,0.00085242,0.000843724,0.000806179,0.000878467,0.00084237,0.000774792,0.000701995,0.00074676,0.000686558,0.000754971,0.000643543,0.000552259,0.000530317,0.000477803,0.000439998,0.000481735
21,0.001437743,0.001362538,0.001226054,0.001202905,0.001228017,0.001118989,0.001216243,0.001119902,0.001208542,0.001243763,0.001097376,0.001045855,0.001165002,0.001142625,0.001049312,0.001053595,0.001071447,0.000988468,0.001023452,0.001055278,0.001097654,0.001127196,0.001123798,0.00098257,0.001138766,0.001014439,0.000997319,0.001028382,0.00102637,0.000971652,0.000829925,0.00085334,0.000859868,0.000863033,0.000897179,0.000880122,0.000976842,0.000899265,0.000901,0.000943499,0.000899523,0.000901574,0.000891354,0.000841902,0.001036871,0.000953999,0.001063095,0.000909609,0.000838314,0.00086735,0.000803329,0.000827571,0.000837192,0.000635307,0.000736024,0.000692514,0.000737975,0.000637924,0.000668744,0.000675189,0.000546849,0.000452911,0.000477496,0.000489303
22,0.001429752,0.001403482,0.00124891,0.001180648,0.001261145,0.001132302,0.001212081,0.001143617,0.001237629,0.001235627,0.001207959,0.001160519,0.001087404,0.001024005,0.00100934,0.001117674,0.000955134,0.00094877,0.000931978,0.000988337,0.000942139,0.001098146,0.00109808,0.00094278,0.001071799,0.00103301,0.001047503,0.000993025,0.000930227,0.000899645,0.000871058,0.000859882,0.000868439,0.000845051,0.000873823,0.000894224,0.000883934,0.000916854,0.000928321,0.000994979,0.000889203,0.000908815,0.000923861,0.000896156,0.000886905,0.000940046,0.000914352,0.000962117,0.000874823,0.000893857,0.000849845,0.000927968,0.000855209,0.0008102,0.000714695,0.000751133,0.000708001,0.000728677,0.000603594,0.000599137,0.000581934,0.000497614,0.000430751,0.000477554
23,0.001464566,0.001430594,0.001291961,0.001220261,0.001262863,0.001108879,0.001193263,0.001103989,0.001153755,0.001170384,0.001044921,0.001085975,0.001024078,0.001138436,0.001019897,0.001031227,0.000907935,0.00093038,0.000890655,0.00091642,0.000983405,0.000983194,0.001045694,0.000969123,0.000895583,0.000912355,0.000925038,0.000979111,0.000876316,0.000827701,0.00085563,0.000893371,0.000701678,0.000826806,0.000783091,0.000849034,0.000826096,0.000931593,0.000855139,0.000995273,0.000988002,0.000852504,0.00085464,0.00087692,0.000891818,0.000870114,0.000924484,0.000995179,0.000944086,0.000971528,0.000791571,0.000823051,0.000847999,0.000870271,0.00079681,0.000769378,0.000718993,0.000752423,0.000651844,0.000684218,0.00050919,0.000578667,0.000518161,0.000571055
24,0.001487451,0.001376585,0.001290342,0.001216377,0.001211319,0.001112726,0.001163139,0.001103615,0.001124117,0.001153696,0.001004394,0.001041838,0.001078407,0.001012384,0.001101915,0.000983788,0.000889987,0.000878839,0.000948558,0.000844517,0.000796637,0.000883587,0.001060673,0.000926277,0.000862395,0.000938411,0.000852141,0.000969584,0.000886824,0.000858687,0.000861638,0.00084739,0.000747724,0.000797316,0.000746724,0.000803609,0.000835854,0.000819401,0.00094321,0.000891113,0.00090709,0.000936688,0.000894457,0.00088861,0.000907944,0.000878638,0.000957037,0.000987319,0.000935453,0.000966903,0.000989098,0.000838129,0.000848925,0.000753421,0.000716055,0.000732141,0.000783955,0.000715974,0.000673083,0.000641023,0.000513863,0.000492436,0.000537058,0.000533623
25,0.001533237,0.001395336,0.001299204,0.001249915,0.001240956,0.001153837,0.00114685,0.001145846,0.001107132,0.001116352,0.001003576,0.001000259,0.000943437,0.001068928,0.001009101,0.000918645,0.001026781,0.000836124,0.000967491,0.000903345,0.000871538,0.00089623,0.000932146,0.000895257,0.000933965,0.000862469,0.000848578,0.000943697,0.000901179,0.000874534,0.000816881,0.000826038,0.000838412,0.000801941,0.000766817,0.000762333,0.000791845,0.000835326,0.00088578,0.000926051,0.000922222,0.000840621,0.00088013,0.000897507,0.000901322,0.000943755,0.001039116,0.000968896,0.000938495,0.000933182,0.000908589,0.000958372,0.000856391,0.000834479,0.000817433,0.000795698,0.000733682,0.000717751,0.000727544,0.000609134,0.000647182,0.000578723,0.000617498,0.000478376
26,0.001610959,0.001378652,0.001302965,0.001202441,0.001236881,0.001159534,0.001170141,0.001123166,0.001096186,0.001138449,0.001112514,0.000905677,0.001069353,0.000959778,0.000991291,0.000998104,0.001063454,0.000908141,0.000941433,0.000876813,0.000920569,0.000958748,0.000921906,0.0008757,0.000899614,0.000898098,0.000936937,0.000938446,0.000949406,0.000885346,0.000836144,0.000942348,0.000841668,0.000823693,0.000777219,0.000842543,0.000854723,0.000803052,0.00083098,0.001002253,0.000934393,0.000909841,0.000871019,0.000972838,0.000928917,0.000853983,0.000914256,0.001038825,0.000979113,0.000913105,0.000878377,0.00091802,0.000829597,0.000836457,0.000740223,0.000726926,0.000792439,0.000810568,0.000797706,0.000635746,0.000584949,0.000610349,0.000605783,0.000705351
27,0.001629894,0.001355746,0.001349809,0.001298008,0.001244959,0.001220309,0.00121056,0.00113993,0.001129404,0.001107055,0.001074678,0.000904234,0.001021933,0.000958885,0.000997582,0.000941869,0.00095097,0.000933691,0.000916363,0.000964952,0.00088113,0.000890806,0.000980039,0.000880657,0.00087858,0.000982242,0.000913693,0.000853801,0.000975561,0.000902801,0.000896445,0.000787975,0.000886323,0.000889126,0.000782562,0.000812452,0.000817208,0.000845187,0.0008363,0.000937508,0.000862165,0.000925988,0.000970323,0.000924087,0.001040915,0.000898791,0.000872836,0.001024784,0.001012825,0.001037039,0.00099859,0.000976813,0.00079751,0.000874369,0.000793819,0.000845413,0.000777412,0.000789415,0.000732804,0.000685002,0.000622993,0.000574095,0.00063728,0.00064797
28,0.001659126,0.001465747,0.001366803,0.001264539,0.001297963,0.001251837,0.001244108,0.001166343,0.001133719,0.001149868,0.001065722,0.000964522,0.001040208,0.001075189,0.001033191,0.000964515,0.000930473,0.000918822,0.000914271,0.000945104,0.000905925,0.000825785,0.001028762,0.000879525,0.000811798,0.000902745,0.000899694,0.000951356,0.000840575,0.000890157,0.000866304,0.000856031,0.000879421,0.000935402,0.000874569,0.000908675,0.000848125,0.00089959,0.000858825,0.000957933,0.000870646,0.000945859,0.000915206,0.000937234,0.00101456,0.001010194,0.000921949,0.001038666,0.001021388,0.001014589,0.000920128,0.001005667,0.0009335,0.000871883,0.00067177,0.000755602,0.000841118,0.000834818,0.000845997,0.000703938,0.000726452,0.000654922,0.00058804,0.000640707
29,0.001667656,0.001471014,0.001450923,0.001384566,0.001286689,0.001246789,0.001284017,0.001203219,0.001180448,0.001179616,0.001062249,0.001129719,0.001086154,0.00104163,0.001089827,0.001159999,0.000834856,0.00099889,0.001021268,0.000972115,0.000915169,0.0009373,0.001015744,0.000978013,0.000894701,0.00084197,0.000967151,0.000893405,0.001014034,0.000869029,0.000957503,0.000869949,0.000871699,0.000853924,0.000800377,0.000841493,0.00078916,0.000904941,0.000899103,0.001035517,0.000931623,0.000952612,0.001003424,0.000906324,0.001027751,0.001002512,0.001041132,0.001027434,0.001065517,0.001046503,0.001052345,0.001002829,0.00098536,0.000901831,0.000833021,0.000922698,0.000788063,0.000868922,0.000815057,0.000787608,0.000749367,0.00072327,0.000694461,0.000710346
30,0.001750803,0.001580357,0.001495218,0.001402526,0.001361972,0.00130659,0.001277338,0.001265637,0.001192884,0.001172707,0.001262716,0.001112481,0.001094778,0.001111791,0.00113231,0.001049276,0.001106631,0.000896881,0.001070295,0.001021066,0.001004157,0.001017797,0.001072275,0.001071818,0.000976447,0.000975556,0.00081594,0.000938935,0.000991632,0.00087068,0.000939708,0.00098543,0.000899285,0.000823405,0.000877623,0.000896699,0.000966394,0.000926707,0.000912938,0.000938322,0.000944162,0.000982512,0.000980626,0.001000153,0.001035566,0.001094989,0.000954928,0.001061586,0.001061503,0.001055089,0.000953106,0.001112831,0.001016513,0.000888606,0.000985927,0.000947028,0.000917745,0.000902256,0.000913811,0.000865583,0.000796906,0.000775281,0.000714297,0.000770672
31,0.001794787,0.001598228,0.001526607,0.001449202,0.001374104,0.001339238,0.001332099,0.001284575,0.001233093,0.001285215,0.001161738,0.001109515,0.001130653,0.001170591,0.001052307,0.001212384,0.001075405,0.00104639,0.001016846,0.00114348,0.001029755,0.001135779,0.000936186,0.000892827,0.001059939,0.001008554,0.00098161,0.000957194,0.000935356,0.000917824,0.000954161,0.000931941,0.000919586,0.00091762,0.000896808,0.000884566,0.000996131,0.00094702,0.000969462,0.001033686,0.001017001,0.001050443,0.001086215,0.001078833,0.001124532,0.001124849,0.001039495,0.001058683,0.001024707,0.001014404,0.001115404,0.001038086,0.00104326,0.001004084,0.000939537,0.000991168,0.001012226,0.000976748,0.000831618,0.000854001,0.000815112,0.000804405,0.000815349,0.000760025
32,0.001821142,0.001702047,0.00160674,0.00153915,0.001475541,0.00145851,0.001411658,0.00140124,0.00136064,0.001320326,0.001275766,0.001173034,0.001297945,0.001214758,0.001248426,0.001148194,0.001093249,0.001120848,0.001132407,0.001143429,0.001145103,0.001024331,0.001168633,0.001067662,0.001140357,0.001086429,0.001088422,0.001058475,0.000964551,0.000977888,0.000970427,0.001029464,0.001039682,0.000997335,0.000970405,0.001055417,0.000975679,0.001058613,0.000960303,0.001091977,0.001037899,0.000995621,0.00094515,0.001087072,0.001135969,0.001148195,0.001042944,0.001181726,0.001161561,0.001173032,0.001093496,0.001161611,0.001117056,0.001128225,0.001006832,0.001101809,0.001109097,0.00092667,0.00093589,0.000964924,0.000808678,0.000759075,0.000856524,0.000776023
33,0.001935643,0.001764477,0.001697677,0.00162302,0.001574674,0.001502132,0.001469018,0.001453733,0.001398785,0.001398233,0.001312437,0.001262723,0.001273953,0.001290229,0.001229216,0.001274896,0.001175728,0.001080857,0.001158298,0.001165266,0.001155483,0.001118529,0.001127833,0.001209198,0.001155419,0.001070468,0.00105022,0.001087246,0.001196029,0.001032882,0.001013618,0.000984178,0.00100879,0.001063567,0.00099989,0.001021915,0.001085626,0.001181842,0.001115339,0.001030331,0.001041516,0.001058208,0.00112734,0.001205855,0.00114068,0.001124983,0.001128504,0.001205917,0.001166763,0.001087504,0.001217725,0.001124487,0.00113365,0.00109002,0.001176833,0.001078786,0.00113465,0.001126327,0.000969702,0.000911375,0.000887386,0.000920958,0.000867562,0.000845581
34,0.002064675,0.001857716,0.001775433,0.001675371,0.001608913,0.001587636,0.001556268,0.001536034,0.001559175,0.001538347,0.001428463,0.001449218,0.001412787,0.001381845,0.001395869,0.001401156,0.001256372,0.001273421,0.00138333,0.001260232,0.001204897,0.001245966,0.001387423,0.001317448,0.001231482,0.001163716,0.001159427,0.001164088,0.001164322,0.001111638,0.001056847,0.001073239,0.001056211,0.001088865,0.001003211,0.001140773,0.00113975,0.001212424,0.001082258,0.00104791,0.001117132,0.001135085,0.001139722,0.001207613,0.001212859,0.00114836,0.00114492,0.001129337,0.001163211,0.001134679,0.001342284,0.001174913,0.001176547,0.001092149,0.001112649,0.001103503,0.001149779,0.001228728,0.001101046,0.001083265,0.000997427,0.000894592,0.000947475,0.000930479
35,0.002149648,0.002058295,0.001921148,0.001872251,0.001780718,0.001710855,0.00175614,0.001680742,0.001691806,0.001695144,0.001713845,0.001578582,0.001546069,0.001506201,0.001576592,0.001568299,0.00139411,0.001278877,0.00142172,0.001382354,0.001477251,0.001409359,0.001499208,0.001356808,0.001333303,0.001341701,0.001165153,0.001403746,0.00125607,0.001308337,0.0010797,0.001203989,0.001209743,0.001156742,0.001204179,0.001039044,0.001180647,0.001188439,0.001211299,0.001198941,0.001220876,0.00123686,0.001229441,0.001177196,0.001174683,0.001284449,0.00108025,0.001228514,0.001275779,0.001255943,0.001222532,0.001175121,0.001279937,0.001263683,0.001175458,0.00123014,0.001247184,0.001345884,0.001317928,0.00103921,0.001080247,0.000981897,0.001011795,0.001044926
36,0.002314745,0.002137992,0.002017065,0.001971428,0.001934105,0.001862585,0.00188115,0.001863925,0.001845983,0.00185974,0.00170761,0.001645826,0.001617222,0.001747122,0.001781049,0.001683028,0.001586999,0.001510749,0.00148645,0.001555656,0.001567207,0.001499092,0.00162583,0.001409481,0.00147156,0.001469752,0.001422397,0.00135023,0.001380308,0.001292317,0.001303229,0.001103582,0.001215648,0.001147174,0.001319715,0.001227025,0.001240804,0.001283727,0.001341648,0.001332807,0.001291153,0.00131106,0.001308698,0.001269059,0.001348866,0.00127315,0.001090038,0.001268357,0.00127238,0.001372767,0.001272508,0.001319591,0.001263294,0.001321327,0.001318921,0.001301198,0.001263453,0.001259261,0.001271808,0.001141212,0.001184049,0.001023875,0.001108619,0.000998861
37,0.002421049,0.002281251,0.002213077,0.002144158,0.002009427,0.002032087,0.002072006,0.002002247,0.001983921,0.002036169,0.001869434,0.001814986,0.001970722,0.001838155,0.001869259,0.001674953,0.001610268,0.001650762,0.001606922,0.001673688,0.001645357,0.001627676,0.001598843,0.001622856,0.001592538,0.00158365,0.001539309,0.001623693,0.001544112,0.001483028,0.001364397,0.001427598,0.00124621,0.001356263,0.001334736,0.001423134,0.001305692,0.001291461,0.001397498,0.001470393,0.001456114,0.001346537,0.001305779,0.001349686,0.001332756,0.001332683,0.001358486,0.001383077,0.001299688,0.001495024,0.001329644,0.0014271,0.001365247,0.00136404,0.001424649,0.001362053,0.001305158,0.001312692,0.001321819,0.001243695,0.001287728,0.00115117,0.001248671,0.001124023
38,0.002647242,0.002498666,0.002361156,0.002327688,0.002241665,0.002234641,0.002192549,0.002153372,0.002163031,0.00217722,0.002056203,0.002122254,0.002065181,0.002129104,0.002082061,0.002107125,0.001960109,0.001968639,0.001890606,0.001761005,0.001662249,0.001893199,0.001691331,0.00180753,0.001517725,0.001655948,0.001771276,0.001796162,0.001650771,0.001608784,0.001608599,0.001435188,0.001460311,0.001387235,0.001326503,0.001470705,0.001392718,0.001405735,0.00146291,0.001521518,0.001502468,0.001665466,0.001513745,0.001387997,0.001516059,0.001438022,0.001445214,0.001379796,0.001452183,0.001418385,0.001494673,0.001384433,0.001387338,0.001372305,0.001360689,0.001425448,0.0013694,0.001539801,0.001441868,0.001400901,0.001311118,0.001265694,0.001341028,0.001456889
39,0.002876958,0.002696248,0.002548161,0.002558557,0.002467585,0.002412612,0.002436573,0.0024807,0.002350804,0.0023284,0.002251874,0.00238946,0.002257648,0.00236324,0.00219162,0.002276264,0.002174822,0.002093852,0.002066794,0.002005928,0.00202509,0.00205555,0.001962188,0.001939925,0.001883344,0.001952764,0.00184944,0.002084397,0.00189981,0.00177393,0.001613857,0.001643574,0.001676174,0.001575021,0.001650869,0.001490664,0.001508407,0.001567701,0.001583506,0.001624791,0.00176042,0.001666288,0.001636012,0.001655672,0.001562003,0.001703043,0.001563473,0.001556844,0.001541749,0.001544664,0.00163745,0.001537333,0.001551879,0.001596672,0.001433321,0.001496702,0.001542727,0.001505427,0.001542646,0.001539602,0.00139183,0.001412323,0.001466221,0.001376248
40,0.003005582,0.002823265,0.002710622,0.002729274,0.002652224,0.002682785,0.002684861,0.002696666,0.002689522,0.002589269,0.002486418,0.002531942,0.002650216,0.00255435,0.002495419,0.002517992,0.002403916,0.002374475,0.002552629,0.002383697,0.002345448,0.002132388,0.002217815,0.002230842,0.002154869,0.002020985,0.001988123,0.002108607,0.002148815,0.002048157,0.002180655,0.001902027,0.001836687,0.00174904,0.002014697,0.001830044,0.001623407,0.001707317,0.001775571,0.001647768,0.001744957,0.001754101,0.001822128,0.001701491,0.001748252,0.001862199,0.001687862,0.001583219,0.001688782,0.00169057,0.001736897,0.00168927,0.001709367,0.001644136,0.001601001,0.001569136,0.001604083,0.001645284,0.001751261,0.001601245,0.001558059,0.001585151,0.001515336,0.001626497
41,0.003417098,0.00313941,0.002968771,0.003026291,0.002938605,0.002940904,0.002946513,0.00291426,0.002986772,0.002862793,0.002790767,0.002697785,0.002674258,0.002788652,0.002961878,0.00274123,0.002634496,0.002601306,0.002847685,0.002540744,0.00267632,0.002595307,0.002569525,0.002548687,0.002239887,0.002438074,0.002256268,0.002337758,0.002330177,0.002320711,0.002221186,0.002270288,0.002043313,0.001954913,0.001989387,0.001918803,0.00189102,0.001954929,0.001787203,0.002004251,0.001884222,0.001975662,0.00190216,0.001930587,0.001951797,0.001836367,0.00187947,0.001863176,0.001890498,0.001927182,0.001801041,0.001836117,0.001818575,0.001602843,0.001824338,0.001752368,0.001669553,0.001849246,0.001825841,0.001680128,0.001662978,0.001519977,0.001675665,0.001702133
42,0.003807152,0.003414564,0.003269797,0.003336738,0.003262064,0.003202454,0.003268695,0.003210943,0.003283956,0.003116187,0.003152374,0.003211048,0.003355481,0.003099417,0.003214197,0.003262468,0.003035732,0.003171082,0.002903083,0.00314274,0.003000436,0.002902408,0.003005903,0.002927564,0.002836798,0.002767324,0.002652353,0.002602934,0.002578848,0.002159468,0.002467829,0.0023442,0.002385692,0.002171037,0.002173512,0.00212963,0.002323534,0.002024576,0.002044685,0.002113131,0.002181346,0.001966289,0.002089193,0.002028003,0.002092251,0.002016234,0.002077345,0.001933305,0.001954651,0.001849207,0.002007456,0.001908868,0.001946487,0.001860111,0.001895471,0.001854287,0.002009875,0.001817732,0.001939344,0.001785084,0.001908288,0.001579606,0.00187634,0.001615166
43,0.004148427,0.003828242,0.003713701,0.003657221,0.003605707,0.003528641,0.00363027,0.003564877,0.003580939,0.003482896,0.003457718,0.003211808,0.00342639,0.003373385,0.003466014,0.003499869,0.003355709,0.003603325,0.003426491,0.003390974,0.003372446,0.00339852,0.003262751,0.003365207,0.003041668,0.003135858,0.002958652,0.002811242,0.002820452,0.002847298,0.002667493,0.002443562,0.002644203,0.002497544,0.002478983,0.002462828,0.002377256,0.002410306,0.002127761,0.002294014,0.002327518,0.002196254,0.002109599,0.002258003,0.002371545,0.002297589,0.002215242,0.002340101,0.002070674,0.002034864,0.002086306,0.002206835,0.002237319,0.002144051,0.002128816,0.00200605,0.001980699,0.00205212,0.002058071,0.00186806,0.001869682,0.001934996,0.001870578,0.001845901
44,0.004671896,0.004240046,0.004091571,0.004101128,0.003959709,0.003980229,0.003965615,0.003980426,0.003929869,0.003923545,0.00378073,0.003771649,0.003881855,0.003733753,0.003804765,0.003730805,0.003669622,0.003818955,0.003943111,0.00376461,0.003736512,0.0038314,0.003627474,0.003698498,0.003572146,0.003400506,0.003502492,0.003245523,0.003290812,0.003291778,0.002988217,0.002993958,0.002848951,0.002850683,0.002769002,0.002713414,0.002744192,0.0026775,0.002600142,0.002362474,0.002434353,0.002435596,0.002402197,0.002454468,0.002353817,0.002359598,0.002431257,0.002490363,0.002270404,0.002281713,0.002198883,0.002161005,0.002229999,0.002289985,0.00209934,0.002266659,0.002110804,0.002075703,0.002234722,0.002324617,0.002085117,0.002063935,0.002052555,0.002058271
45,0.005197484,0.004704602,0.004638599,0.004470649,0.004516217,0.004423722,0.004450794,0.004404326,0.004377015,0.004317911,0.004447176,0.004373604,0.004490676,0.004349504,0.004203839,0.004304372,0.00414624,0.004071396,0.004512706,0.004303236,0.00423799,0.004355597,0.004524098,0.004055564,0.003960964,0.003838995,0.003740681,0.003992725,0.003903476,0.003535711,0.003585524,0.003384921,0.00334146,0.003282504,0.00333919,0.003220471,0.002942477,0.003008977,0.002888582,0.002971185,0.002682799,0.00261189,0.002689333,0.00248016,0.002695713,0.002858574,0.002615524,0.00272104,0.002565006,0.002431066,0.002553102,0.002603204,0.002303061,0.0023566,0.002522441,0.002385045,0.002377891,0.002423164,0.002358158,0.002426614,0.002234061,0.002147821,0.002319363,0.002288049
46,0.005796839,0.005341377,0.005079479,0.005028922,0.005072219,0.00506485,0.005005424,0.004884139,0.00480879,0.004816437,0.004558783,0.004728557,0.004627587,0.004911765,0.004922191,0.004663706,0.004761515,0.0047015,0.005053486,0.004657904,0.00485574,0.004912485,0.004679365,0.00486193,0.004547166,0.004327736,0.004245007,0.004221415,0.004120369,0.004048618,0.003872644,0.003744698,0.003726739,0.003556599,0.003645295,0.003651068,0.003438118,0.003311473,0.00322252,0.00325186,0.003385523,0.002892366,0.002888489,0.002783778,0.00291428,0.002968214,0.002758199,0.002853364,0.002947967,0.002757507,0.002856335,0.002810783,0.002704991,0.002653891,0.002631821,0.002610201,0.002451646,0.002564368,0.002576554,0.002418287,0.002345536,0.002286126,0.002385807,0.002405386
47,0.006619571,0.006051987,0.005847512,0.005754519,0.00561392,0.00559822,0.005727022,0.00546838,0.00537786,0.005416088,0.005299174,0.005387688,0.005792821,0.005503941,0.005363895,0.005654932,0.005170256,0.005380969,0.005413892,0.005364453,0.005458954,0.005269151,0.005266445,0.005228466,0.005222948,0.005075962,0.004948055,0.004962749,0.004816508,0.004458415,0.004469057,0.0043354,0.004176629,0.003982445,0.003794627,0.003920128,0.003821242,0.003791594,0.00374875,0.003645746,0.003205406,0.003339925,0.003213133,0.003018576,0.00306175,0.00309243,0.003255931,0.003274964,0.003081766,0.003140723,0.003180952,0.003218261,0.003092523,0.002921952,0.002902538,0.002854596,0.002724415,0.002920199,0.002583303,0.002557929,0.002367242,0.002543728,0.002453245,0.002516675
48,0.007388324,0.006828065,0.006520654,0.006435742,0.006382612,0.006265237,0.006301627,0.006233462,0.006067087,0.006047887,0.005857362,0.005932524,0.005979239,0.00560477,0.006052154,0.005968148,0.005987021,0.005695392,0.006333716,0.005948255,0.005987697,0.005940046,0.006062033,0.005925388,0.005690288,0.005354016,0.00546774,0.005403714,0.005396193,0.005016138,0.004724824,0.004573242,0.004852492,0.004663958,0.00445096,0.004309658,0.003976229,0.004302651,0.0040328,0.003755272,0.003936523,0.003730823,0.003745891,0.003177316,0.003513325,0.003358861,0.003375567,0.003391583,0.003347556,0.003357098,0.003411319,0.003290126,0.003402672,0.003246032,0.003294986,0.00315214,0.002885652,0.003021821,0.002856641,0.00280842,0.002761174,0.00264268,0.002704816,0.002686411
49,0.008260331,0.00755552,0.007509766,0.007341527,0.007257353,0.007177066,0.007087841,0.006940175,0.006857676,0.006785205,0.006875143,0.006369594,0.006620178,0.006733164,0.006740738,0.006675619,0.006507,0.006852933,0.006874678,0.006993679,0.006649255,0.007014565,0.006953739,0.006808589,0.006764461,0.006515988,0.006256432,0.006011695,0.00587955,0.00582071,0.005750125,0.005376989,0.005352345,0.005229045,0.004788226,0.004828035,0.004595929,0.004625541,0.004506845,0.004334674,0.004336169,0.004162991,0.003993318,0.003965585,0.003808819,0.003932295,0.003716792,0.003599757,0.00373002,0.00381599,0.003906873,0.003898342,0.003585759,0.003665368,0.003391961,0.003405195,0.003269846,0.00327723,0.003108936,0.002990691,0.002897427,0.002895803,0.002963656,0.00296896
50,0.009390126,0.008733661,0.008412643,0.008347324,0.008262022,0.007922496,0.007963745,0.007749563,0.007643474,0.007642635,0.007376718,0.0073328,0.007747958,0.007367427,0.007273786,0.007642348,0.007250296,0.007231962,0.007854157,0.007213298,0.007597872,0.007566631,0.007729418,0.007595404,0.007394013,0.007220519,0.007352682,0.006842238,0.006859263,0.006650974,0.006524281,0.005930805,0.00579707,0.005731947,0.005457097,0.005488845,0.005285384,0.005309484,0.004912395,0.004992071,0.004834904,0.004682387,0.004646006,0.004235909,0.004488381,0.003990756,0.004095912,0.003944613,0.004191946,0.004405369,0.003957512,0.004147621,0.00415028,0.003778519,0.003944974,0.003775024,0.00352067,0.003756586,0.003385656,0.00331699,0.003122856,0.00312638,0.003066597,0.003118569
51,0.010532316,0.009710912,0.009499412,0.009448123,0.009248255,0.008965445,0.008935544,0.008803319,0.008585572,0.008583372,0.008363358,0.008462869,0.00825907,0.007920235,0.008368973,0.007951142,0.007820191,0.008290101,0.008367735,0.008645173,0.007944917,0.008508151,0.008189981,0.008224561,0.00811088,0.007960528,0.007811088,0.007973545,0.00772328,0.007395206,0.006881003,0.006800128,0.006358141,0.006280622,0.006309906,0.006254262,0.005916655,0.005649518,0.005432067,0.005642591,0.005411095,0.005068431,0.005246039,0.004946761,0.004748921,0.004603297,0.004591046,0.004498331,0.004403177,0.004358386,0.004432742,0.004379952,0.004243538,0.004391006,0.004304259,0.004290473,0.003976057,0.003979234,0.003843652,0.003694691,0.003508365,0.003350594,0.003441385,0.003480734
52,0.01176881,0.010861616,0.010604697,0.010592213,0.010450831,0.009839417,0.01011918,0.009890253,0.0097545,0.00961511,0.009541811,0.009686207,0.009643828,0.00946218,0.009245503,0.009452444,0.008766258,0.009393968,0.009191244,0.009244032,0.009113518,0.009304363,0.009192038,0.009265655,0.009258727,0.009316724,0.008826752,0.008895449,0.008626849,0.008317307,0.007838437,0.00772752,0.007425437,0.006942386,0.007161446,0.006753727,0.0064182,0.006267982,0.005944725,0.005874013,0.006016363,0.005849127,0.005745459,0.005634894,0.005383794,0.005476994,0.005089158,0.005064559,0.004934403,0.00475578,0.004765572,0.004844169,0.004713651,0.004922803,0.004560868,0.004434786,0.004357847,0.004218213,0.004193767,0.00418528,0.004025794,0.003644309,0.003774065,0.003687144
53,0.012986647,0.01187137,0.011696492,0.011627154,0.011610639,0.011209761,0.011540127,0.011233812,0.011038947,0.010791296,0.010772114,0.010513617,0.010624193,0.010383358,0.010383852,0.010626629,0.009837447,0.010223723,0.010537954,0.010548374,0.010458211,0.010707938,0.009915716,0.010210785,0.009957089,0.010019428,0.010017952,0.009880875,0.009993002,0.009137286,0.009192482,0.008777684,0.008245954,0.00811349,0.007955639,0.007688684,0.007250448,0.007386971,0.00707706,0.006723943,0.006697028,0.006574992,0.006614447,0.006068209,0.006235361,0.005864155,0.005939818,0.005682024,0.005599802,0.005260965,0.005217783,0.005154718,0.005165112,0.00510317,0.004744552,0.005076071,0.005021607,0.00469259,0.00460698,0.004442709,0.004376637,0.004082935,0.004153318,0.003961976
54,0.014362413,0.01322811,0.013052339,0.013034188,0.013110892,0.01261217,0.012727643,0.012654813,0.012422744,0.012158511,0.011729407,0.011640412,0.011952067,0.011728232,0.012051247,0.011728489,0.011053836,0.011252087,0.011670434,0.011673935,0.011377442,0.012106812,0.011654223,0.011180644,0.011025239,0.011130687,0.010862439,0.011158772,0.010936529,0.010584423,0.01008641,0.009904848,0.009426915,0.009138259,0.009141954,0.008650292,0.008376747,0.008057103,0.007724381,0.007420914,0.007387459,0.00690304,0.007163448,0.006613718,0.006664023,0.006696806,0.006447712,0.006500483,0.006369792,0.005487361,0.005929032,0.005539237,0.005621777,0.005560799,0.005240878,0.005526974,0.005378931,0.005200598,0.004807527,0.004873657,0.00455367,0.004548753,0.004597785,0.00443721
55,0.015479541,0.014344478,0.014461078,0.014172528,0.014139609,0.014272009,0.014427683,0.014194141,0.014108498,0.013778554,0.013025304,0.013148262,0.013231529,0.012730152,0.012764468,0.012613006,0.012185928,0.012491107,0.012834427,0.013223973,0.012505518,0.012600955,0.012966821,0.012630026,0.011537118,0.012471149,0.012039101,0.012081708,0.012015077,0.01181944,0.011556288,0.011146453,0.010416633,0.01013242,0.009751513,0.009504913,0.009435233,0.009125821,0.00831688,0.008557867,0.008233864,0.007981172,0.007826571,0.007506182,0.007574043,0.007415734,0.007112484,0.007127138,0.006728652,0.006521314,0.006205834,0.006277689,0.006362779,0.00583185,0.005906851,0.00591113,0.006033669,0.005767143,0.005711151,0.005457716,0.005287099,0.004971175,0.004785406,0.004848647
56,0.017016083,0.016255049,0.015798801,0.015796575,0.01561831,0.016053547,0.016214386,0.015899667,0.015766856,0.015418214,0.01551082,0.015177311,0.015233088,0.014361144,0.014236089,0.014229411,0.014083321,0.013783482,0.014598068,0.014070906,0.013584229,0.014140833,0.014251565,0.013907691,0.013398631,0.013110043,0.012855134,0.013195312,0.013448962,0.0132683,0.012442277,0.011920545,0.012184639,0.011407956,0.011205531,0.011007789,0.010633769,0.010199809,0.009837488,0.00970372,0.008871236,0.008716901,0.008691435,0.008271523,0.008326856,0.008265679,0.008024944,0.007743114,0.007647937,0.007633158,0.007143325,0.006691813,0.006834392,0.006443045,0.006250691,0.006616709,0.006490111,0.006165165,0.006101229,0.006245553,0.005757749,0.005577338,0.005393403,0.005113036
57,0.018822615,0.017660875,0.017435611,0.017346656,0.017508422,0.017690229,0.017978488,0.017749549,0.017608538,0.016964733,0.016825128,0.017295123,0.017225571,0.016141503,0.015946783,0.01604326,0.015336736,0.016048102,0.015692775,0.015811636,0.014884663,0.015407229,0.015637878,0.015122954,0.015195699,0.015411914,0.014090565,0.014907869,0.014714699,0.01394315,0.014047169,0.014089113,0.013550463,0.012621224,0.012523755,0.012134164,0.012335766,0.011302133,0.010936062,0.010564354,0.01027586,0.009801869,0.010186978,0.00953975,0.009166021,0.008973418,0.009271006,0.008514589,0.00908373,0.008139257,0.007922797,0.007674845,0.007623734,0.007294159,0.006981606,0.006932155,0.006704935,0.00683479,0.006545585,0.006574628,0.006201971,0.005947566,0.006082924,0.005831156
58,0.020678471,0.019494957,0.019237188,0.019104557,0.018934777,0.019490131,0.020050606,0.019476486,0.019488894,0.019063981,0.019172906,0.018797551,0.01901337,0.018441622,0.017980767,0.018560895,0.017116324,0.017951102,0.018005844,0.017581134,0.01658426,0.01709464,0.017244719,0.016853754,0.016490813,0.016888317,0.016532168,0.015802005,0.016680391,0.015968028,0.01529867,0.015266297,0.015014035,0.01421951,0.014508831,0.013584692,0.013442875,0.012408012,0.01234356,0.011692536,0.011425377,0.011217502,0.010941709,0.010193163,0.010106417,0.009926412,0.009754106,0.009960487,0.009328106,0.008655274,0.008889353,0.008648247,0.008309884,0.007557479,0.007608806,0.007560125,0.007663192,0.007192797,0.00738607,0.007071908,0.00705604,0.006518198,0.006637815,0.006643601
59,0.022985931,0.021267612,0.021007544,0.021154292,0.021332665,0.021487033,0.02192096,0.021347914,0.021333834,0.020928791,0.020944127,0.021075553,0.021888898,0.020194769,0.020019017,0.019929349,0.019713835,0.01980168,0.019728617,0.019578248,0.018772046,0.018995545,0.018776549,0.01873574,0.018024266,0.018600709,0.017977222,0.017898628,0.017201966,0.017594962,0.017446631,0.016875238,0.016293815,0.0161589,0.015682694,0.015971637,0.014718491,0.014392296,0.013644635,0.012850715,0.012866619,0.012304689,0.012079745,0.011521699,0.011252485,0.011195544,0.010810362,0.010545556,0.010390937,0.010008295,0.009741168,0.009530602,0.009144392,0.008552833,0.008301944,0.00807714,0.008155845,0.00803593,0.007902016,0.007635204,0.007300173,0.007272269,0.007651449,0.007316263
60,0.025230433,0.02318916,0.02342288,0.023185854,0.023127625,0.023418457,0.023667418,0.023509349,0.023201903,0.023012318,0.023969907,0.022547763,0.023245842,0.021871929,0.022423149,0.022106642,0.020830897,0.021555902,0.022054839,0.0213804,0.020790482,0.020840198,0.020010033,0.020368722,0.019995701,0.020422216,0.019904751,0.020101813,0.020106551,0.019771029,0.018891773,0.018695579,0.018179515,0.017676964,0.017882734,0.017643447,0.016198901,0.016166776,0.015540915,0.014846693,0.014026187,0.013960628,0.013762141,0.012741924,0.012916036,0.012417536,0.011910818,0.011580784,0.01165545,0.011540629,0.010752717,0.010824112,0.010741638,0.009899229,0.009723644,0.009135194,0.0086786,0.008739265,0.008686773,0.00860595,0.008147042,0.007900042,0.008245788,0.007852231
61,0.027854952,0.025468583,0.025416403,0.025254849,0.025551987,0.025789214,0.025873717,0.025217917,0.025761992,0.025055346,0.02646412,0.026029376,0.024764599,0.023506573,0.024150811,0.024131951,0.023102798,0.023168667,0.024068353,0.023481104,0.022801189,0.02370197,0.02235354,0.02199856,0.022232944,0.022339176,0.021560425,0.0220926,0.022216364,0.0206147,0.020790791,0.019557828,0.019991261,0.019658202,0.019719335,0.019470841,0.018773554,0.018225648,0.017591944,0.016679821,0.016051614,0.015446582,0.01525944,0.014580784,0.014040076,0.013661637,0.013403751,0.013126922,0.012482232,0.012552291,0.012071751,0.011574924,0.011436034,0.010959115,0.010381158,0.010520175,0.009954545,0.009465595,0.009324927,0.009085649,0.008782299,0.00897037,0.008780805,0.008647001
62,0.030706204,0.027748117,0.028025046,0.027757341,0.028111214,0.027982448,0.028669151,0.027889035,0.028064408,0.027628561,0.028280575,0.029180679,0.029916175,0.027546172,0.02823266,0.027709644,0.025921564,0.026586263,0.027269467,0.026673707,0.025281234,0.025479593,0.025171011,0.024638,0.024478635,0.024300233,0.023316266,0.023689005,0.024109437,0.023107839,0.022021214,0.022514365,0.022501831,0.02159568,0.021319645,0.021514166,0.020266122,0.019997222,0.019196201,0.018543413,0.017483276,0.017422742,0.017105263,0.016330789,0.015774583,0.01541605,0.014571447,0.014464669,0.013933399,0.013570122,0.013317609,0.013175829,0.012701987,0.012691177,0.01184748,0.01139519,0.011307695,0.010431484,0.009853563,0.010013807,0.009722984,0.009580764,0.009824999,0.009558029
63,0.033480747,0.030482708,0.030703323,0.030589265,0.030600646,0.030878893,0.030883294,0.030407686,0.030660607,0.030166425,0.031826922,0.03152402,0.032352958,0.031004981,0.029904516,0.03043023,0.029015708,0.029514577,0.030096775,0.028555205,0.027688285,0.02823358,0.027209659,0.027017021,0.026538014,0.027365929,0.026225929,0.026298053,0.02601187,0.025585238,0.024637561,0.023685408,0.025248315,0.024241401,0.023696584,0.023227081,0.02224469,0.022192554,0.020948523,0.020660866,0.020344465,0.019579218,0.019065376,0.017757366,0.017573355,0.017439994,0.016390361,0.016074921,0.01530959,0.014925267,0.014401932,0.014242099,0.014102958,0.012770416,0.013024931,0.012603106,0.012148673,0.012189285,0.01094782,0.010973297,0.0104977,0.010250372,0.010395391,0.010320892
64,0.036533581,0.033300084,0.03331048,0.033318268,0.033665645,0.033287919,0.033839995,0.033439881,0.033500328,0.03291573,0.034059152,0.034706887,0.035573832,0.034291416,0.034498661,0.034222637,0.032464731,0.033032619,0.03441505,0.032769571,0.031115076,0.031823745,0.030989663,0.030249587,0.02952314,0.03010369,0.028537541,0.029019125,0.028695435,0.028120686,0.027238656,0.027515935,0.026148662,0.026025666,0.02670438,0.025244079,0.025008433,0.024963768,0.023824058,0.023087992,0.02253653,0.021780376,0.021825453,0.02038608,0.020127815,0.019447385,0.018289942,0.018023187,0.01673698,0.016112889,0.015480756,0.015630395,0.015544284,0.014776449,0.01435561,0.013931281,0.013586684,0.012884862,0.01253549,0.011901209,0.011539274,0.011129512,0.011336046,0.011364546
65,0.039535647,0.03628199,0.03652903,0.036196008,0.036689921,0.036686675,0.036723083,0.036420379,0.036508252,0.035862613,0.037413659,0.037297485,0.03859232,0.036163097,0.037513433,0.036920013,0.034922126,0.03594409,0.037117659,0.036133988,0.034700985,0.034920595,0.034173456,0.033325348,0.033031894,0.032922878,0.031260687,0.03164331,0.031311844,0.030883692,0.029906157,0.029919936,0.029323736,0.027287589,0.029565101,0.028411411,0.027405351,0.026957643,0.026553113,0.02622377,0.025223718,0.023677238,0.024024081,0.022906837,0.022135288,0.021762003,0.020634835,0.01992235,0.019251407,0.018364465,0.017283309,0.017214798,0.016560294,0.016214285,0.015501113,0.015141527,0.014975356,0.01436175,0.013270617,0.013169207,0.012274589,0.012115203,0.012382381,0.012259401
66,0.043542102,0.03940324,0.039887991,0.039168703,0.039920497,0.039897733,0.040166209,0.039706824,0.039476352,0.03899746,0.039911286,0.039008692,0.03999369,0.037735305,0.038516265,0.040685569,0.038234197,0.039128749,0.039557653,0.038684057,0.037115467,0.038627545,0.036679432,0.03637779,0.036247093,0.035946897,0.034718056,0.034513255,0.034858939,0.033328339,0.032328862,0.032298189,0.032167505,0.031561385,0.029759428,0.031081977,0.02971141,0.029977965,0.028983052,0.027904162,0.02775646,0.026822222,0.026696248,0.025154656,0.024978793,0.023474319,0.022336662,0.022117801,0.021467485,0.020327052,0.019222855,0.018713464,0.018255556,0.017926169,0.016865445,0.016619321,0.016245835,0.015790415,0.014987597,0.014662311,0.014219372,0.013326416,0.01345539,0.012919372
67,0.046904093,0.042726678,0.043175273,0.043056159,0.043512917,0.043422979,0.043910524,0.043571017,0.043014968,0.042393337,0.045117151,0.045613051,0.045201977,0.042693139,0.044040249,0.044052397,0.043428653,0.044923707,0.044715191,0.042908477,0.040810712,0.042778452,0.041298749,0.039985392,0.039734595,0.039817069,0.038298609,0.039032747,0.038428918,0.036547068,0.035859801,0.03553976,0.035519726,0.034595217,0.033775264,0.032911179,0.033415683,0.032317106,0.032183251,0.031431864,0.030968195,0.02999397,0.030244826,0.028203744,0.027771136,0.026067374,0.025545243,0.02474188,0.024170142,0.022533814,0.02152328,0.02103375,0.020447539,0.019310514,0.019045938,0.018186887,0.017551938,0.017107181,0.016430408,0.015922759,0.015234482,0.01535149,0.014284382,0.014424732
68,0.051064388,0.047014467,0.046694,0.046626502,0.046956508,0.046982674,0.047441542,0.047364792,0.046766598,0.046245323,0.047609515,0.048211401,0.049734822,0.046109274,0.047004835,0.047993946,0.045033617,0.04763997,0.049506282,0.047295988,0.044918846,0.046205735,0.045301049,0.045076998,0.042845665,0.043096809,0.042413596,0.042681842,0.041859523,0.039973792,0.03930404,0.039104145,0.039420338,0.038153214,0.038420298,0.036833837,0.034899858,0.035592458,0.033917986,0.034267006,0.033082224,0.032745409,0.032630183,0.03094389,0.030036031,0.029554553,0.028595579,0.027063936,0.026065684,0.025044334,0.023059207,0.023143914,0.022654184,0.021238738,0.020517072,0.020063059,0.019781264,0.019557878,0.018613834,0.017766094,0.016495633,0.016175331,0.016196918,0.015592952
69,0.055299147,0.050456131,0.050894153,0.050867421,0.051372083,0.051201072,0.05136668,0.051823268,0.05156712,0.050042373,0.051867105,0.05283786,0.053496312,0.050072997,0.051332619,0.051604558,0.050285262,0.052051531,0.054492635,0.052181726,0.049939323,0.051652505,0.049879324,0.04950452,0.048164076,0.048688029,0.046061963,0.046198446,0.044718524,0.04416077,0.042866675,0.042885379,0.042250829,0.040688622,0.041495424,0.04085071,0.039756525,0.037554785,0.038596365,0.037853947,0.036660154,0.036110719,0.036084068,0.0334037,0.033700385,0.032659215,0.031254999,0.030052652,0.029533621,0.027880113,0.026426228,0.025857252,0.025140013,0.023795362,0.022274994,0.021319418,0.021516256,0.021296995,0.020415231,0.019859967,0.018450608,0.018421184,0.017880578,0.017783803
70,0.059331053,0.053838154,0.054995954,0.054792928,0.055741645,0.056089087,0.055791012,0.056186028,0.055713984,0.054943962,0.055559558,0.056014113,0.057521374,0.053896102,0.054060218,0.055454073,0.053555059,0.05628041,0.058066145,0.057864654,0.054800041,0.056397514,0.053796776,0.052681157,0.05181224,0.053289935,0.050782179,0.050674061,0.050517395,0.047824763,0.047901166,0.046625909,0.046666009,0.044834062,0.0466317,0.044427413,0.043141624,0.042402807,0.04109589,0.040618075,0.040828587,0.039233437,0.039034289,0.037379645,0.036929964,0.036874033,0.034719697,0.034100869,0.032846692,0.030523726,0.029466875,0.027968009,0.026789285,0.026291392,0.024650435,0.023995159,0.022867338,0.023143071,0.02157727,0.021573441,0.021764485,0.02033352,0.019927614,0.019415551
71,0.065146387,0.059212107,0.059403889,0.059647803,0.060505567,0.061324261,0.060410316,0.061279756,0.061009394,0.059668176,0.060394538,0.060341785,0.060326707,0.056202519,0.058358817,0.059445488,0.056504247,0.059972319,0.062087756,0.059780948,0.059114585,0.061628749,0.058437992,0.058566997,0.057177374,0.058250086,0.055014892,0.055081033,0.053529071,0.052669968,0.052172821,0.050970578,0.05077245,0.048500961,0.050242786,0.048419412,0.047632679,0.045224653,0.045722818,0.043360797,0.044711838,0.043449926,0.044172812,0.040979554,0.040733139,0.039847432,0.03896304,0.037118865,0.036846951,0.03397969,0.032613019,0.032256496,0.030757876,0.028762476,0.028546232,0.02664377,0.025466641,0.025379349,0.024079377,0.02371862,0.023788311,0.022801207,0.021706517,0.021487369
72,0.071276833,0.064531641,0.065248892,0.06490565,0.06599212,0.067647695,0.066028467,0.067184106,0.066670316,0.065130683,0.067232211,0.069564412,0.068808656,0.064107632,0.065232938,0.066950355,0.063430974,0.06745831,0.068275851,0.066854437,0.063655442,0.067623075,0.065522254,0.064311226,0.063118602,0.06252378,0.060991275,0.060527159,0.059987079,0.059625984,0.057362906,0.057051184,0.055700861,0.05425012,0.054988406,0.0542772,0.052138083,0.051739799,0.049923117,0.04883694,0.047510168,0.04739612,0.047499706,0.044404697,0.045027147,0.044632429,0.042133171,0.041740082,0.040310928,0.038198589,0.036350782,0.035342588,0.033764893,0.032683244,0.03087047,0.029528929,0.028610573,0.027900601,0.027001896,0.026244766,0.025563699,0.025539788,0.025394242,0.024550036
73,0.077997608,0.070689254,0.071492084,0.070459265,0.07232053,0.073231382,0.071417224,0.072713657,0.07193829,0.070168562,0.073453726,0.07282624,0.07596057,0.068550597,0.070486968,0.072217913,0.069161556,0.072611853,0.074131263,0.072101633,0.069331049,0.073762915,0.071415292,0.072667302,0.069002052,0.070111574,0.066230319,0.067253471,0.066745321,0.063625689,0.063515376,0.062923228,0.061571419,0.059288187,0.059426641,0.058420817,0.056735218,0.056667255,0.054752124,0.053816583,0.052184327,0.049948387,0.052376139,0.050374861,0.049589905,0.048010996,0.046776044,0.045198723,0.045126147,0.042747637,0.04022896,0.038813889,0.038191506,0.035520897,0.0341069,0.032223819,0.031074067,0.031346319,0.029517778,0.028926448,0.027312148,0.027503394,0.02765733,0.02626236
74,0.084911571,0.076869496,0.077739652,0.077299091,0.079805131,0.079397958,0.07699174,0.079145332,0.078384385,0.07662452,0.080224589,0.080811064,0.081402415,0.076117042,0.076564615,0.077967958,0.073857123,0.07928485,0.080799244,0.07873817,0.073873585,0.078704507,0.078548167,0.078376763,0.077063745,0.075949209,0.072529251,0.07330142,0.073659227,0.069838669,0.06770244,0.069262385,0.067531868,0.065260664,0.065680347,0.06451309,0.061614677,0.061263382,0.060924533,0.058861592,0.058262111,0.056777009,0.05556276,0.054199412,0.054219435,0.053131617,0.052304813,0.051063765,0.048380766,0.047893603,0.044924088,0.044143861,0.042640762,0.039307893,0.038991682,0.035983207,0.035238453,0.03335591,0.032413081,0.032018357,0.031312525,0.030227305,0.030070418,0.030027588
75,0.094498516,0.085069775,0.0859272,0.085788227,0.088102793,0.086797991,0.082658374,0.084807952,0.083635551,0.083022908,0.087110842,0.085509259,0.086668772,0.080153867,0.081683048,0.084432255,0.07860535,0.0858101,0.08607283,0.083569939,0.08148145,0.084429398,0.084711082,0.081762558,0.081521897,0.083858645,0.080024906,0.079918877,0.079086764,0.076129487,0.074484008,0.074208753,0.072997808,0.070949591,0.072579765,0.06978314,0.067665558,0.066749059,0.066066243,0.064268308,0.062381905,0.060447397,0.062301942,0.05660055,0.059188515,0.05856501,0.055962909,0.054383366,0.054293675,0.051358762,0.050251031,0.048734523,0.046763625,0.044545632,0.041527284,0.040233031,0.039657724,0.038055861,0.035988359,0.035407959,0.0330783,0.033712647,0.033627794,0.032465425
76,0.103411926,0.093343342,0.093612497,0.09315797,0.095968045,0.095058461,0.090256525,0.091511209,0.09207046,0.090105877,0.097313978,0.091425672,0.096466629,0.087771227,0.088115654,0.09163159,0.085688536,0.093368374,0.09194752,0.089839643,0.086646677,0.092175088,0.090268964,0.08713561,0.089731276,0.091088421,0.089470072,0.086580978,0.087229829,0.082769662,0.081318851,0.080369186,0.078983959,0.076545769,0.080264039,0.078409577,0.074761381,0.07269736,0.072007424,0.070368804,0.06878034,0.067262991,0.067843793,0.063951243,0.062454077,0.063619986,0.06262805,0.060430061,0.058935934,0.055996744,0.054546181,0.054387969,0.052023033,0.048455309,0.047768128,0.044975212,0.044135007,0.041946471,0.040979352,0.038934911,0.037626562,0.037368136,0.036735009,0.035742899
77,0.113010539,0.102229133,0.101416463,0.101168621,0.105385977,0.10388229,0.098158613,0.099815899,0.099104374,0.097837301,0.100578135,0.102404973,0.09807815,0.093654115,0.094482426,0.097154746,0.091482466,0.098039522,0.096145842,0.096878452,0.093051322,0.096794595,0.097115691,0.095241878,0.095111094,0.095934696,0.0933531,0.093631499,0.094466349,0.091164063,0.087062485,0.088097336,0.086695465,0.083418301,0.086051609,0.084618709,0.080227484,0.078889179,0.079304797,0.07575038,0.075641344,0.074151535,0.074393967,0.070581159,0.070292683,0.064547805,0.068152738,0.065632579,0.065390705,0.062192429,0.060527222,0.059167801,0.057923895,0.054552331,0.053245111,0.050202497,0.048891382,0.046905024,0.044630267,0.043716391,0.040925123,0.041306393,0.040212364,0.039235678
78,0.123211823,0.111311507,0.10981839,0.110474007,0.114094398,0.113483818,0.107640144,0.109811266,0.109379627,0.107187586,0.108246989,0.110422793,0.116265868,0.094489907,0.106478634,0.104736503,0.09829978,0.108043499,0.103916518,0.104106741,0.101489574,0.106148498,0.102017108,0.102783678,0.101871902,0.104740862,0.100206062,0.101492709,0.10188203,0.098756787,0.096185222,0.096114705,0.094887738,0.090418328,0.092780854,0.092221502,0.08575291,0.086014317,0.085996663,0.083178801,0.081536061,0.080858815,0.082020916,0.077484046,0.079042962,0.075284012,0.06906613,0.072950166,0.071572945,0.069168956,0.066005845,0.064772509,0.062554592,0.061365585,0.058057556,0.055422581,0.053687524,0.052635428,0.048918494,0.04899861,0.045506231,0.0462979,0.045873854,0.044225157
79,0.133957503,0.12096113,0.120954659,0.12079652,0.12568441,0.123570418,0.1169762,0.121100324,0.119551394,0.116582948,0.119231695,0.118663424,0.123424888,0.112883103,0.101248959,0.120924554,0.108349822,0.114070218,0.111240752,0.111704265,0.108998863,0.11446567,0.113022364,0.108793243,0.11208714,0.113664201,0.104865055,0.11230689,0.11049387,0.107640118,0.105296501,0.104561146,0.101800176,0.098146618,0.102213668,0.09864982,0.095245285,0.093944912,0.093569691,0.091822982,0.090639488,0.085819212,0.090197152,0.084278574,0.086432157,0.083363249,0.08005852,0.074835627,0.079029781,0.074526412,0.073353329,0.072167615,0.071474641,0.066683335,0.064938756,0.062288038,0.059967249,0.059624523,0.055217075,0.053112927,0.051780521,0.050208141,0.049805637,0.048716404
80,0.140419682,0.126168054,0.12709596,0.124071459,0.129985539,0.128387449,0.122131237,0.127194659,0.123723349,0.120090595,0.128492507,0.127838736,0.130265492,0.118462295,0.124198571,0.112175594,0.117264339,0.125758851,0.119047101,0.119344933,0.11713343,0.123809112,0.121981019,0.117818995,0.117813914,0.123302222,0.116196989,0.118467467,0.119640538,0.116670655,0.11329907,0.113661442,0.11059311,0.10916833,0.110031808,0.107936221,0.103027844,0.103355671,0.102192167,0.100351318,0.098119451,0.09605111,0.096725939,0.09257604,0.093467249,0.093308664,0.08952503,0.085339065,0.077552488,0.082311174,0.08027993,0.07956813,0.077374125,0.073508622,0.07116002,0.069361819,0.066536531,0.06525059,0.063705034,0.060529834,0.057911471,0.056220725,0.057041931,0.05551183
81,0.149750754,0.134431761,0.135425157,0.136348108,0.137876075,0.137716024,0.12920202,0.134712725,0.133048878,0.127846614,0.139494454,0.136443593,0.141965269,0.124577887,0.128607825,0.137060813,0.110186779,0.130081019,0.128799657,0.126210229,0.124613112,0.12741369,0.128891559,0.128753144,0.127436075,0.128940417,0.121529175,0.127354204,0.127848599,0.122392685,0.123270377,0.122676443,0.120091381,0.114642445,0.118442526,0.115050559,0.111282235,0.111323098,0.11120962,0.106386761,0.107024961,0.102518828,0.105715164,0.099625762,0.101578135,0.100181919,0.09639462,0.09452315,0.091429658,0.083078287,0.08686706,0.088001738,0.086999143,0.080412719,0.079890356,0.07546307,0.075393374,0.073786232,0.069366705,0.068068593,0.064256209,0.064943598,0.064044309,0.061068136
82,0.16673275,0.15582402,0.153962799,0.151520086,0.155646363,0.151688629,0.145913279,0.153100152,0.146242414,0.144741537,0.149451568,0.157188113,0.164408093,0.141781555,0.14240276,0.149522928,0.137235627,0.12146238,0.141437035,0.139194705,0.135793095,0.142522419,0.138738722,0.143071253,0.13892812,0.144287194,0.131577756,0.134938302,0.137246114,0.132786067,0.132214206,0.136157494,0.130187655,0.124918445,0.130521093,0.125070368,0.118293987,0.118698208,0.120752168,0.116055283,0.116594832,0.113390777,0.115153078,0.109119706,0.112036434,0.108718669,0.107558669,0.103893434,0.104663448,0.097934898,0.086763482,0.095599552,0.095128884,0.089667947,0.085995121,0.085861023,0.084099402,0.08079213,0.077775894,0.075008258,0.072926775,0.072470657,0.07351947,0.069044722
83,0.183948606,0.16485701,0.16295204,0.168849839,0.168034982,0.171959364,0.158285425,0.164454843,0.158114804,0.155810009,0.162124274,0.164870293,0.17743333,0.152593371,0.154971171,0.158716708,0.149560393,0.163188395,0.116536784,0.14538174,0.147411113,0.149680494,0.153146423,0.147758674,0.156267913,0.154749695,0.144854373,0.141952236,0.150433821,0.149941631,0.142223401,0.139844424,0.14338263,0.135358362,0.141372375,0.13387572,0.131586959,0.129152344,0.130461018,0.127427964,0.125654382,0.123431072,0.124326058,0.118872545,0.121760967,0.11834955,0.116836293,0.115853606,0.114629728,0.110092512,0.105620767,0.093636385,0.105416773,0.099218691,0.096199692,0.093512477,0.092081166,0.08922486,0.085861615,0.082426932,0.081111801,0.081433955,0.080516244,0.077848815
84,0.203116916,0.185636908,0.181665887,0.183656246,0.187412,0.183739486,0.172499957,0.176888757,0.176609318,0.17481637,0.180587219,0.186276994,0.187028096,0.174765116,0.174937182,0.174421349,0.160946158,0.179938766,0.174489045,0.120608058,0.160900398,0.1642628,0.160950539,0.163997404,0.160145956,0.169112913,0.157988173,0.159651225,0.153695402,0.152866715,0.15542896,0.153478242,0.152179555,0.14495037,0.152179662,0.145917376,0.139474378,0.139297477,0.141326831,0.137395719,0.139865251,0.132393489,0.138996083,0.131984327,0.129810071,0.128515099,0.125499801,0.124805357,0.125892958,0.120906144,0.117997002,0.110163495,0.100901605,0.111730125,0.107881923,0.103212747,0.101202842,0.100816786,0.096023479,0.093571337,0.090077934,0.090759634,0.089868964,0.086326861
85,0.208132619,0.194460288,0.190535666,0.187277722,0.203135472,0.202219254,0.183364728,0.189443457,0.188524071,0.183433566,0.191902347,0.196766555,0.198021849,0.178286698,0.178150582,0.183256384,0.168737481,0.177923469,0.172891313,0.174472227,0.171628276,0.180671193,0.173233271,0.171158681,0.170538296,0.174978128,0.17415517,0.169288344,0.173524557,0.161685434,0.166353046,0.165523343,0.160236643,0.156756343,0.164432033,0.159237275,0.149546188,0.151016767,0.155755089,0.148325301,0.145889139,0.142815504,0.149573618,0.139239868,0.141048625,0.142112046,0.138384121,0.135561444,0.135350675,0.131788963,0.132833866,0.127126627,0.12675219,0.104014154,0.116983796,0.115700476,0.111825874,0.111091424,0.106510925,0.104279639,0.100464151,0.101080883,0.101568295,0.097710552
86,0.238379649,0.214120498,0.210617561,0.210295619,0.217564563,0.215044394,0.200829104,0.206691106,0.204494188,0.194063946,0.217612083,0.21358245,0.218581519,0.195961743,0.194695412,0.203290914,0.186156183,0.197252554,0.18511926,0.182152714,0.184750847,0.191603214,0.187934761,0.189935249,0.183328433,0.189690255,0.174443673,0.19119079,0.186298777,0.181891414,0.178500067,0.178053198,0.176634622,0.166293572,0.174632033,0.176482692,0.160857726,0.162078649,0.165896318,0.16087207,0.158444201,0.155419358,0.160664269,0.149653252,0.155424342,0.15319749,0.150283218,0.146299105,0.145245103,0.143433701,0.140209626,0.140857658,0.139003999,0.130235271,0.114979483,0.129016659,0.126236351,0.125122926,0.117033456,0.114286452,0.109640523,0.114827683,0.113009646,0.10733516
87,0.25736856,0.224911838,0.219454179,0.23063178,0.231161026,0.228407142,0.215986805,0.230591722,0.21775832,0.213384604,0.226015401,0.237343495,0.234100314,0.201896086,0.210072394,0.218937927,0.200544714,0.213785333,0.195802831,0.201961972,0.197807528,0.205257404,0.201767725,0.199211614,0.198314305,0.199648949,0.192057097,0.187698834,0.202978019,0.20048375,0.191742384,0.187930458,0.186368359,0.179952223,0.180484446,0.17663963,0.173750306,0.175137185,0.177062623,0.170934874,0.175229342,0.167308483,0.174010126,0.162907079,0.165959733,0.165663181,0.164395424,0.159967304,0.158973104,0.153846946,0.150097215,0.152293752,0.153666543,0.146720431,0.140029397,0.1183442,0.140050821,0.136682204,0.132747588,0.127672464,0.123731955,0.126452655,0.123531813,0.121884483
88,0.265132356,0.23423719,0.236055174,0.23968076,0.250406134,0.246074468,0.227087041,0.240325523,0.240428454,0.223454194,0.238313341,0.227860768,0.253548635,0.2158508,0.221225809,0.219994102,0.21251331,0.235543106,0.215541338,0.209356832,0.206470552,0.220943475,0.21698254,0.217293054,0.212403194,0.224226134,0.199126442,0.201951415,0.198599722,0.210991288,0.202197559,0.206183595,0.199046303,0.188299699,0.198417044,0.198675255,0.180009653,0.183739837,0.193135312,0.176815757,0.186193096,0.178667707,0.187142414,0.17706703,0.180134119,0.177718643,0.176849853,0.170996259,0.176842189,0.168498355,0.166833118,0.166977114,0.164730256,0.161559421,0.159648556,0.144637919,0.127546463,0.154938694,0.148676331,0.139705694,0.136809803,0.139047048,0.138434444,0.135204759
89,0.281906358,0.263008533,0.252825948,0.251300499,0.272094146,0.269327874,0.247884399,0.247808832,0.252045348,0.232468536,0.256032237,0.247845132,0.267903048,0.240154405,0.240185751,0.248856435,0.230664858,0.242007817,0.230936819,0.231615473,0.227180843,0.231130261,0.227565214,0.223882873,0.232932948,0.243537934,0.211020363,0.214879512,0.221774629,0.199476051,0.214227353,0.216792324,0.209418008,0.196650104,0.213045303,0.203743879,0.198326675,0.199842199,0.205752285,0.194646104,0.199955803,0.192091018,0.198749548,0.188233419,0.192384157,0.194932879,0.190424134,0.188393972,0.189195869,0.179496505,0.179197235,0.182444689,0.181643005,0.170025082,0.178640748,0.167999694,0.161737872,0.136825894,0.165611604,0.163723022,0.152633589,0.152471094,0.154216355,0.148276866
90,0.295921524,0.272988479,0.260079531,0.270780024,0.275095099,0.278370186,0.2660773,0.273960716,0.253252294,0.256673277,0.272392979,0.255211377,0.26319072,0.237342753,0.256391918,0.261350802,0.239628277,0.25544283,0.242348735,0.248610091,0.236934518,0.244216455,0.243882912,0.252857499,0.247424742,0.253182319,0.238606965,0.237143412,0.225304623,0.224902837,0.215455654,0.21363079,0.224661099,0.214856466,0.225360201,0.214039333,0.203296332,0.203293731,0.210357062,0.202642369,0.215143021,0.203748198,0.215758321,0.201798459,0.205278021,0.202233323,0.200341642,0.200288798,0.19993991,0.194012736,0.187784108,0.187874569,0.194259188,0.179405946,0.186380587,0.179389264,0.184608247,0.166317492,0.148355177,0.174121684,0.168146229,0.16703596,0.168449082,0.163604845
91,0.308527341,0.284094637,0.268006202,0.292735256,0.296951635,0.295991669,0.276803598,0.283095065,0.280394176,0.25913131,0.243986849,0.282123429,0.278458844,0.232716154,0.257441673,0.281761806,0.242713302,0.277329847,0.264567393,0.251720183,0.268706306,0.262976247,0.266551564,0.267160429,0.254555163,0.27130757,0.255296326,0.247214576,0.240468686,0.239866277,0.225149084,0.230263724,0.232721132,0.231866363,0.239985978,0.231218775,0.216017934,0.210622643,0.226083038,0.220299699,0.220994948,0.221065404,0.221605647,0.210130422,0.21882537,0.215101312,0.21753793,0.211057633,0.211186549,0.201125078,0.199328067,0.204854278,0.207056613,0.198330773,0.198056359,0.198555678,0.188609483,0.20124405,0.171854374,0.162008666,0.191288966,0.188985662,0.185406502,0.174560436
92,0.3189349,0.318944738,0.295266789,0.302355132,0.316881244,0.324444934,0.29690088,0.314254868,0.28387747,0.292627752,0.260461671,0.276201641,0.320710368,0.264573445,0.2790491,0.294374182,0.279839844,0.286990962,0.286859777,0.26618705,0.28252287,0.297593408,0.27839233,0.286432612,0.281193815,0.288494459,0.271886895,0.280896861,0.260441349,0.24787114,0.252363039,0.251553817,0.248783584,0.248398816,0.261025353,0.243449704,0.228294372,0.232994215,0.241429448,0.240296045,0.236797847,0.235680828,0.24979984,0.234269696,0.24396319,0.239593823,0.236790037,0.228300449,0.225170171,0.224965291,0.224037638,0.222066408,0.231328172,0.214737445,0.212052264,0.212763425,0.213782165,0.213466294,0.201883803,0.186473887,0.174249036,0.214942545,0.211732016,0.199170407
93,0.376904806,0.328697196,0.296408875,0.345661607,0.325115635,0.332489247,0.301940984,0.333195135,0.298567647,0.294818502,0.27587457,0.269816273,0.277515192,0.299260383,0.279163857,0.306947697,0.283248575,0.307854032,0.28956422,0.28922733,0.277570223,0.292676396,0.308439428,0.297611445,0.302255639,0.315420268,0.299228532,0.286214223,0.277166552,0.264638695,0.258452292,0.267130435,0.268238683,0.25376752,0.274468617,0.264521193,0.245394094,0.252429425,0.264903022,0.251718809,0.266329467,0.249466178,0.272289369,0.248998957,0.259581472,0.259156764,0.251132176,0.244691955,0.246330218,0.238955043,0.237599348,0.243672425,0.25465529,0.226940864,0.234924042,0.229582923,0.227079291,0.232894292,0.219715319,0.22256812,0.211053516,0.201098909,0.238718433,0.218951863
94,0.376846109,0.331153974,0.319978527,0.343026924,0.356829741,0.332854272,0.334914489,0.34278181,0.334516528,0.333282527,0.281744929,0.281543274,0.285425101,0.257572027,0.311514828,0.305689489,0.303111708,0.340195016,0.315151515,0.319436052,0.306320586,0.338718875,0.320826953,0.313607237,0.316935923,0.310276323,0.318452919,0.299691973,0.284066142,0.298202648,0.277306037,0.301162126,0.289520359,0.279423838,0.29089872,0.27836485,0.26377452,0.259019184,0.272011727,0.272819473,0.28739386,0.273477873,0.26974765,0.25849361,0.274077927,0.272886752,0.267204334,0.259844305,0.264738079,0.257361403,0.253604122,0.25912958,0.252762806,0.249204359,0.243026846,0.244378573,0.234686936,0.249011723,0.239751566,0.248615064,0.236034147,0.226142325,0.216162677,0.236736854
95,0.354986577,0.382687084,0.332387838,0.389961648,0.378424595,0.386526835,0.385387769,0.356146874,0.365803208,0.329417288,0.316301703,0.289950577,0.292569659,0.258841234,0.265313266,0.34032634,0.292993631,0.353714661,0.312934171,0.339173967,0.336398695,0.326257633,0.353672316,0.333990425,0.339477304,0.350079323,0.33157339,0.324210526,0.324350597,0.299405556,0.300811124,0.298099558,0.306045411,0.296280183,0.297836589,0.289093032,0.276237191,0.284886438,0.282422072,0.302861067,0.294890511,0.285352543,0.291573965,0.275279389,0.300550694,0.291578745,0.289713938,0.281059863,0.285714286,0.282458996,0.267501636,0.283448096,0.287852149,0.273090482,0.267555003,0.261595215,0.27386718,0.27480479,0.266603444,0.260165448,0.2531144,0.268540769,0.256611314,0.23521205
96,0.385862589,0.378622109,0.372612929,0.404186158,0.39393103,0.388317954,0.338856791,0.377534802,0.396683793,0.354801568,0.369206599,0.352059925,0.306329114,0.274970623,0.290710383,0.306966998,0.329024677,0.35978836,0.345323741,0.348082596,0.335083532,0.362190813,0.372317127,0.380008617,0.350832266,0.353139486,0.372204473,0.353968254,0.308491981,0.317668488,0.317826124,0.312698974,0.327537473,0.296593857,0.322695309,0.314035755,0.294979232,0.289541979,0.324821655,0.305826235,0.326375712,0.308874276,0.304204753,0.310515173,0.301152816,0.317022743,0.308618534,0.287256267,0.296284369,0.300249452,0.284512864,0.299926944,0.296897941,0.285881116,0.290448665,0.280362409,0.282763233,0.301422024,0.276915732,0.275971055,0.278364873,0.295793155,0.282666555,0.265550632
97,0.40303882,0.395670989,0.422401187,0.372390915,0.386204296,0.390093598,0.390392172,0.379604944,0.377997234,0.443358015,0.378539493,0.345191041,0.307692308,0.280597015,0.295434199,0.27826087,0.294599018,0.387681159,0.34212766,0.334680679,0.320987654,0.383954155,0.385964912,0.38028169,0.394041977,0.403172505,0.366863905,0.380414313,0.341813632,0.301377565,0.314209115,0.330420969,0.324470971,0.322631167,0.342774147,0.317475052,0.297624384,0.314852547,0.313021703,0.338167232,0.322733354,0.314041268,0.355292376,0.331191482,0.319637883,0.334365325,0.32741267,0.306067172,0.325764303,0.324723247,0.330192318,0.315800481,0.319112711,0.301893697,0.306687871,0.310863376,0.312789726,0.328387306,0.296207585,0.290251131,0.302729976,0.317569504,0.314666359,0.28463763
98,0.450955243,0.399583943,0.460115405,0.535748766,0.440951816,0.35644267,0.347368643,0.394418685,0.432535062,0.425552954,0.336,0.339066339,0.348547718,0.38490566,0.285714286,0.347338936,0.289693593,0.291777188,0.388405797,0.392621871,0.392947103,0.401902497,0.407494145,0.374282434,0.420206659,0.425055928,0.406147091,0.356989247,0.360320922,0.359133127,0.348252606,0.311423101,0.356938191,0.332151054,0.354788069,0.347305389,0.318353345,0.352159468,0.333001658,0.327653997,0.355924095,0.325213344,0.360424028,0.315662651,0.332824851,0.333959732,0.312100281,0.328427576,0.344625341,0.341846758,0.331841023,0.342993522,0.318325935,0.327639071,0.335558703,0.322605267,0.344193223,0.33116693,0.305980823,0.325184209,0.314790698,0.329360402,0.327162858,0.32300284
99,0.567155588,0.421716157,0.470330742,0.531461785,0.572456381,0.483661581,0.40126452,0.447623941,0.382256436,0.410654243,0.330434783,0.354978355,0.403100775,0.397260274,0.302631579,0.299212598,0.292565947,0.302222222,0.296610169,0.487238979,0.371764706,0.401709402,0.369168357,0.459813084,0.404580153,0.425963489,0.322067594,0.445205479,0.386962031,0.344615385,0.390843867,0.338255034,0.312952005,0.370656371,0.364341085,0.329322356,0.261330194,0.358240042,0.361509835,0.359218172,0.398152899,0.35892323,0.377235772,0.349964531,0.358670915,0.381601363,0.350758853,0.334505666,0.365753425,0.340122858,0.349005704,0.360381172,0.339101274,0.344013491,0.332422587,0.301838392,0.348805593,0.363363363,0.325719268,0.318655571,0.340989532,0.363359834,0.333799907,0.32904756
100,0.506527067,0.29007748,0.651943082,0.447133232,0.458967697,0.412233333,0.418966283,0.29828171,0.321907311,0.339760357,0.492238862,0.364271062,0.385005935,0.30983137,0.36982885,0.310775453,0.30352818,0.321665531,0.366511067,0.327237197,0.486469538,0.479784449,0.443718788,0.462585034,0.375,0.451219512,0.427118644,0.389776358,0.375111293,0.404040404,0.430879713,0.321755027,0.406570842,0.431113371,0.355276907,0.331091568,0.369462771,0.337219731,0.391376451,0.389633601,0.380613606,0.380793319,0.405415861,0.339889851,0.356020942,0.412431444,0.361419864,0.366392092,0.366878981,0.394569133,0.342234898,0.38725859,0.39322977,0.350277659,0.381601363,0.351052444,0.357271389,0.398371438,0.332400177,0.386489032,0.344935065,0.369618481,0.374590701,0.303061329